-- MySQL Script generated by MySQL Workbench
-- Thu Feb 20 16:06:43 2020
-- Model: New Model    Version: 1.0
-- MySQL Workbench Forward Engineering

SET @OLD_UNIQUE_CHECKS=@@UNIQUE_CHECKS, UNIQUE_CHECKS=0;
SET @OLD_FOREIGN_KEY_CHECKS=@@FOREIGN_KEY_CHECKS, FOREIGN_KEY_CHECKS=0;
SET @OLD_SQL_MODE=@@SQL_MODE, SQL_MODE='ONLY_FULL_GROUP_BY,STRICT_TRANS_TABLES,NO_ZERO_IN_DATE,NO_ZERO_DATE,ERROR_FOR_DIVISION_BY_ZERO,NO_ENGINE_SUBSTITUTION';

-- -----------------------------------------------------
-- Schema cce15
-- -----------------------------------------------------
DROP SCHEMA IF EXISTS `cce15` ;

-- -----------------------------------------------------
-- Schema cce15
-- -----------------------------------------------------
CREATE SCHEMA IF NOT EXISTS `cce15` DEFAULT CHARACTER SET utf8 ;
SHOW WARNINGS;
USE `cce15` ;

-- -----------------------------------------------------
-- Table `cce15`.`customer`
-- -----------------------------------------------------
DROP TABLE IF EXISTS `cce15`.`customer` ;

SHOW WARNINGS;
CREATE TABLE IF NOT EXISTS `cce15`.`customer` (
  `cus_id` SMALLINT UNSIGNED NOT NULL AUTO_INCREMENT,
  `cus_fname` VARCHAR(15) NOT NULL,
  `cus_lname` VARCHAR(30) NOT NULL,
  `cus_street` VARCHAR(30) NOT NULL,
  `cus_city` VARCHAR(30) NOT NULL,
  `cus_state` CHAR(2) NOT NULL,
  `cus_zip` INT(9) NOT NULL,
  `cus_phone` BIGINT NOT NULL,
  `cus_email` VARCHAR(100) NOT NULL,
  `cus_balance` DECIMAL(6,2) UNSIGNED NOT NULL,
  `cus_total_sales` DECIMAL(6,2) UNSIGNED NOT NULL,
  `cus_notes` VARCHAR(255) NULL,
  PRIMARY KEY (`cus_id`))
ENGINE = InnoDB;

SHOW WARNINGS;

-- -----------------------------------------------------
-- Table `cce15`.`petstore`
-- -----------------------------------------------------
DROP TABLE IF EXISTS `cce15`.`petstore` ;

SHOW WARNINGS;
CREATE TABLE IF NOT EXISTS `cce15`.`petstore` (
  `pst_id` SMALLINT UNSIGNED NOT NULL AUTO_INCREMENT,
  `pst_name` VARCHAR(30) NOT NULL,
  `pst_street` VARCHAR(30) NOT NULL,
  `pst_city` VARCHAR(30) NOT NULL,
  `pst_state` CHAR(2) NOT NULL,
  `pst_zip` INT(9) NOT NULL,
  `pst_phone` BIGINT NOT NULL,
  `pst_email` VARCHAR(100) NOT NULL,
  `pst_url` VARCHAR(100) NOT NULL,
  `pst_ytd_sales` DECIMAL(10,2) NOT NULL,
  `pst_notes` VARCHAR(255) NULL,
  PRIMARY KEY (`pst_id`))
ENGINE = InnoDB;

SHOW WARNINGS;

-- -----------------------------------------------------
-- Table `cce15`.`pet`
-- -----------------------------------------------------
DROP TABLE IF EXISTS `cce15`.`pet` ;

SHOW WARNINGS;
CREATE TABLE IF NOT EXISTS `cce15`.`pet` (
  `pet_id` SMALLINT UNSIGNED NOT NULL AUTO_INCREMENT,
  `pst_id` SMALLINT UNSIGNED NOT NULL,
  `cus_id` SMALLINT UNSIGNED NULL,
  `pet_type` VARCHAR(45) NOT NULL,
  `pet_sex` ENUM('m', 'f') NOT NULL,
  `pet_cost` DECIMAL(6,2) UNSIGNED NOT NULL,
  `pet_price` DECIMAL(6,2) UNSIGNED NOT NULL,
  `pet_age` TINYINT UNSIGNED NOT NULL,
  `pet_color` VARCHAR(30) NOT NULL,
  `pet_sale_date` DATE NOT NULL,
  `pet_vaccine` ENUM('y', 'n') NOT NULL,
  `pet_neuter` ENUM('y', 'n') NOT NULL,
  `pet_notes` VARCHAR(255) NULL,
  PRIMARY KEY (`pet_id`),
  INDEX `fk_pet_customer_idx` (`cus_id` ASC),
  INDEX `fk_pet_petstore1_idx` (`pst_id` ASC),
  CONSTRAINT `fk_pet_customer`
    FOREIGN KEY (`cus_id`)
    REFERENCES `cce15`.`customer` (`cus_id`)
    ON DELETE SET NULL
    ON UPDATE CASCADE,
  CONSTRAINT `fk_pet_petstore1`
    FOREIGN KEY (`pst_id`)
    REFERENCES `cce15`.`petstore` (`pst_id`)
    ON DELETE CASCADE
    ON UPDATE CASCADE)
ENGINE = InnoDB;

SHOW WARNINGS;

SET SQL_MODE=@OLD_SQL_MODE;
SET FOREIGN_KEY_CHECKS=@OLD_FOREIGN_KEY_CHECKS;
SET UNIQUE_CHECKS=@OLD_UNIQUE_CHECKS;

-- -----------------------------------------------------
-- Data for table `cce15`.`customer`
-- -----------------------------------------------------
START TRANSACTION;
USE `cce15`;
INSERT INTO `cce15`.`customer` (`cus_id`, `cus_fname`, `cus_lname`, `cus_street`, `cus_city`, `cus_state`, `cus_zip`, `cus_phone`, `cus_email`, `cus_balance`, `cus_total_sales`, `cus_notes`) VALUES (1, 'Jorge', 'Alfaro', '123 Street St', 'Miami', 'FL', 34662, 3051234567, 'alfie@email.com', 350.15, 1000.00, NULL);
INSERT INTO `cce15`.`customer` (`cus_id`, `cus_fname`, `cus_lname`, `cus_street`, `cus_city`, `cus_state`, `cus_zip`, `cus_phone`, `cus_email`, `cus_balance`, `cus_total_sales`, `cus_notes`) VALUES (2, 'Miguel', 'Rojas', '124 Road Ln', 'Miami', 'FL', 34662, 3051231234, 'rojie@yahoo.com', 120.12, 999.99, NULL);
INSERT INTO `cce15`.`customer` (`cus_id`, `cus_fname`, `cus_lname`, `cus_street`, `cus_city`, `cus_state`, `cus_zip`, `cus_phone`, `cus_email`, `cus_balance`, `cus_total_sales`, `cus_notes`) VALUES (3, 'Brian', 'Anderson', '555 Ball Rd', 'Fort Lauderdale', 'FL', 34556, 3056781234, 'andie@email.com', 400.23, 1230.89, NULL);
INSERT INTO `cce15`.`customer` (`cus_id`, `cus_fname`, `cus_lname`, `cus_street`, `cus_city`, `cus_state`, `cus_zip`, `cus_phone`, `cus_email`, `cus_balance`, `cus_total_sales`, `cus_notes`) VALUES (4, 'Lewis', 'Brinson', '123 Road Rd', 'Doral', 'FL', 32311, 5611231234, 'canthit@gmail.com', 300.00, 450.00, NULL);
INSERT INTO `cce15`.`customer` (`cus_id`, `cus_fname`, `cus_lname`, `cus_street`, `cus_city`, `cus_state`, `cus_zip`, `cus_phone`, `cus_email`, `cus_balance`, `cus_total_sales`, `cus_notes`) VALUES (5, 'Caleb', 'Smith', '333 Pitching St', 'Hollywood', 'FL', 33312, 3053053053, 'pitching@email.com', 101.00, 202.00, NULL);
INSERT INTO `cce15`.`customer` (`cus_id`, `cus_fname`, `cus_lname`, `cus_street`, `cus_city`, `cus_state`, `cus_zip`, `cus_phone`, `cus_email`, `cus_balance`, `cus_total_sales`, `cus_notes`) VALUES (6, 'Matt', 'Kemp', '334 Hitting St', 'Hollywood', 'FL', 33312, 3054054054, 'hitting@gmail.com', 200.00, 200.00, NULL);
INSERT INTO `cce15`.`customer` (`cus_id`, `cus_fname`, `cus_lname`, `cus_street`, `cus_city`, `cus_state`, `cus_zip`, `cus_phone`, `cus_email`, `cus_balance`, `cus_total_sales`, `cus_notes`) VALUES (7, 'Lewin', 'Diaz', '303 Main St', 'Miami', 'FL', 34662, 3056786789, 'pros@email.com', 305.35, 305.50, NULL);
INSERT INTO `cce15`.`customer` (`cus_id`, `cus_fname`, `cus_lname`, `cus_street`, `cus_city`, `cus_state`, `cus_zip`, `cus_phone`, `cus_email`, `cus_balance`, `cus_total_sales`, `cus_notes`) VALUES (8, 'Isan', 'Diaz', '303 Main St', 'Miami', 'FL', 34662, 3054445555, 'marlinsman@email.com', 3300.00, 12000.00, NULL);
INSERT INTO `cce15`.`customer` (`cus_id`, `cus_fname`, `cus_lname`, `cus_street`, `cus_city`, `cus_state`, `cus_zip`, `cus_phone`, `cus_email`, `cus_balance`, `cus_total_sales`, `cus_notes`) VALUES (9, 'Peter', 'Burdick', '123 Main St', 'Kendall', 'FL', 34667, 4561234567, 'kendallman@email.com', 304.00, 305.00, NULL);
INSERT INTO `cce15`.`customer` (`cus_id`, `cus_fname`, `cus_lname`, `cus_street`, `cus_city`, `cus_state`, `cus_zip`, `cus_phone`, `cus_email`, `cus_balance`, `cus_total_sales`, `cus_notes`) VALUES (10, 'Monte', 'Harrison', '456 Test Rd', 'Doral', 'FL', 34312, 1231231234, 'test@test.com', 1.00, 2.00, NULL);

COMMIT;


-- -----------------------------------------------------
-- Data for table `cce15`.`petstore`
-- -----------------------------------------------------
START TRANSACTION;
USE `cce15`;
INSERT INTO `cce15`.`petstore` (`pst_id`, `pst_name`, `pst_street`, `pst_city`, `pst_state`, `pst_zip`, `pst_phone`, `pst_email`, `pst_url`, `pst_ytd_sales`, `pst_notes`) VALUES (1, 'Pets R Us', '123 Street St', 'Atlanta', 'GA', 44512, 4561231234, 'petsrus@email.com', 'petsrus.com', 14000.00, NULL);
INSERT INTO `cce15`.`petstore` (`pst_id`, `pst_name`, `pst_street`, `pst_city`, `pst_state`, `pst_zip`, `pst_phone`, `pst_email`, `pst_url`, `pst_ytd_sales`, `pst_notes`) VALUES (2, 'New Pets', '123 Main St', 'Miami', 'FL', 32332, 3051231231, 'newpets@gmail.com', 'newpets.com', 67000.00, NULL);
INSERT INTO `cce15`.`petstore` (`pst_id`, `pst_name`, `pst_street`, `pst_city`, `pst_state`, `pst_zip`, `pst_phone`, `pst_email`, `pst_url`, `pst_ytd_sales`, `pst_notes`) VALUES (3, 'Boring Pets', '123 Dull St', 'Rhodes', 'GA', 44444, 4441234444, 'rhodespets@boringpets.com', 'boringpets.com', 67120.12, NULL);
INSERT INTO `cce15`.`petstore` (`pst_id`, `pst_name`, `pst_street`, `pst_city`, `pst_state`, `pst_zip`, `pst_phone`, `pst_email`, `pst_url`, `pst_ytd_sales`, `pst_notes`) VALUES (4, 'Boring Pets Miami', '123 Miami Rd', 'Miami', 'FL', 32378, 7877878787, 'crazycoolpets@boringpets.com', 'boringpets.com', 456777.00, NULL);
INSERT INTO `cce15`.`petstore` (`pst_id`, `pst_name`, `pst_street`, `pst_city`, `pst_state`, `pst_zip`, `pst_phone`, `pst_email`, `pst_url`, `pst_ytd_sales`, `pst_notes`) VALUES (5, 'Aqua Pets', '444 Aqua Sea Rd', 'Atlantis', 'AL', 11122, 1112223333, 'notareal@petstore.com', 'thisisfake.com', 12300.00, NULL);
INSERT INTO `cce15`.`petstore` (`pst_id`, `pst_name`, `pst_street`, `pst_city`, `pst_state`, `pst_zip`, `pst_phone`, `pst_email`, `pst_url`, `pst_ytd_sales`, `pst_notes`) VALUES (6, 'Radiant Animals', '555 Pets Rd', 'Merryland', 'MD', 44400, 4440001122, 'animool2@fakepets.com', 'fakepets.com', 444.00, NULL);
INSERT INTO `cce15`.`petstore` (`pst_id`, `pst_name`, `pst_street`, `pst_city`, `pst_state`, `pst_zip`, `pst_phone`, `pst_email`, `pst_url`, `pst_ytd_sales`, `pst_notes`) VALUES (7, 'Dog House', '440 Dogs Rd', 'Dogtown', 'MI', 45000, 0001112222, 'wehavedogs@doghouse.com', 'doghouse.com', 111.00, NULL);
INSERT INTO `cce15`.`petstore` (`pst_id`, `pst_name`, `pst_street`, `pst_city`, `pst_state`, `pst_zip`, `pst_phone`, `pst_email`, `pst_url`, `pst_ytd_sales`, `pst_notes`) VALUES (8, 'Seagull House', '432 Ocean Way', 'San Francisco', 'CA', 78912, 7663445678, 'whydowesellseagulls@seagullhouse.com', 'seagullhouse.com', 678.00, NULL);
INSERT INTO `cce15`.`petstore` (`pst_id`, `pst_name`, `pst_street`, `pst_city`, `pst_state`, `pst_zip`, `pst_phone`, `pst_email`, `pst_url`, `pst_ytd_sales`, `pst_notes`) VALUES (9, 'Cat House', '111 Help Rd', 'Catville', 'CA', 78913, 7673445678, 'catstookoversendhelp@cathouse.com', 'cathouse.com', 70000.00, NULL);
INSERT INTO `cce15`.`petstore` (`pst_id`, `pst_name`, `pst_street`, `pst_city`, `pst_state`, `pst_zip`, `pst_phone`, `pst_email`, `pst_url`, `pst_ytd_sales`, `pst_notes`) VALUES (10, 'Chamber of Pets', '456 Pets St', 'Pettiville', 'NY', 89011, 8909119123, 'karmachameleon@email.com', 'chamberofpets.com', 1.00, NULL);

COMMIT;


-- -----------------------------------------------------
-- Data for table `cce15`.`pet`
-- -----------------------------------------------------
START TRANSACTION;
USE `cce15`;
INSERT INTO `cce15`.`pet` (`pet_id`, `pst_id`, `cus_id`, `pet_type`, `pet_sex`, `pet_cost`, `pet_price`, `pet_age`, `pet_color`, `pet_sale_date`, `pet_vaccine`, `pet_neuter`, `pet_notes`) VALUES (1, 1, 1, 'Dog', 'm', 12.00, 13.00, 4, 'Red', '1998-01-22', 'y', 'y', NULL);
INSERT INTO `cce15`.`pet` (`pet_id`, `pst_id`, `cus_id`, `pet_type`, `pet_sex`, `pet_cost`, `pet_price`, `pet_age`, `pet_color`, `pet_sale_date`, `pet_vaccine`, `pet_neuter`, `pet_notes`) VALUES (2, 1, 3, 'Parrot', 'm', 860.00, 12000.00, 17, 'Rainbow', '2010-04-12', 'y', 'n', NULL);
INSERT INTO `cce15`.`pet` (`pet_id`, `pst_id`, `cus_id`, `pet_type`, `pet_sex`, `pet_cost`, `pet_price`, `pet_age`, `pet_color`, `pet_sale_date`, `pet_vaccine`, `pet_neuter`, `pet_notes`) VALUES (3, 4, 2, 'Cat', 'f', 1.00, 3.00, 20, 'Black', '2012-01-01', 'y', 'y', NULL);
INSERT INTO `cce15`.`pet` (`pet_id`, `pst_id`, `cus_id`, `pet_type`, `pet_sex`, `pet_cost`, `pet_price`, `pet_age`, `pet_color`, `pet_sale_date`, `pet_vaccine`, `pet_neuter`, `pet_notes`) VALUES (4, 1, 2, 'Parrot', 'm', 2.99, 299.99, 1, 'Purple', '2020-01-02', 'n', 'n', NULL);
INSERT INTO `cce15`.`pet` (`pet_id`, `pst_id`, `cus_id`, `pet_type`, `pet_sex`, `pet_cost`, `pet_price`, `pet_age`, `pet_color`, `pet_sale_date`, `pet_vaccine`, `pet_neuter`, `pet_notes`) VALUES (5, 3, 7, 'Hawk', 'f', 45.00, 500.00, 6, 'Red', '2018-05-10', 'n', 'n', NULL);
INSERT INTO `cce15`.`pet` (`pet_id`, `pst_id`, `cus_id`, `pet_type`, `pet_sex`, `pet_cost`, `pet_price`, `pet_age`, `pet_color`, `pet_sale_date`, `pet_vaccine`, `pet_neuter`, `pet_notes`) VALUES (6, 8, 8, 'Dog', 'm', 10.00, 200.00, 8, 'Yellow', '2012-02-02', 'y', 'y', NULL);
INSERT INTO `cce15`.`pet` (`pet_id`, `pst_id`, `cus_id`, `pet_type`, `pet_sex`, `pet_cost`, `pet_price`, `pet_age`, `pet_color`, `pet_sale_date`, `pet_vaccine`, `pet_neuter`, `pet_notes`) VALUES (7, 10, 10, 'Crocodile', 'f', 600.00, 1200.00, 3, 'Green', '2010-10-10', 'n', 'n', NULL);
INSERT INTO `cce15`.`pet` (`pet_id`, `pst_id`, `cus_id`, `pet_type`, `pet_sex`, `pet_cost`, `pet_price`, `pet_age`, `pet_color`, `pet_sale_date`, `pet_vaccine`, `pet_neuter`, `pet_notes`) VALUES (8, 9, 9, 'Cat', 'm', 12.99, 13.99, 14, 'Calico', '2009-10-14', 'y', 'y', NULL);
INSERT INTO `cce15`.`pet` (`pet_id`, `pst_id`, `cus_id`, `pet_type`, `pet_sex`, `pet_cost`, `pet_price`, `pet_age`, `pet_color`, `pet_sale_date`, `pet_vaccine`, `pet_neuter`, `pet_notes`) VALUES (9, 9, 9, 'Cat', 'f', 14.99, 15.99, 15, 'White', '2008-12-01', 'y', 'y', NULL);
INSERT INTO `cce15`.`pet` (`pet_id`, `pst_id`, `cus_id`, `pet_type`, `pet_sex`, `pet_cost`, `pet_price`, `pet_age`, `pet_color`, `pet_sale_date`, `pet_vaccine`, `pet_neuter`, `pet_notes`) VALUES (10, 1, 4, 'Pig', 'm', 17.99, 18.99, 12, 'Pink', '2003-07-14', 'n', 'n', NULL);

COMMIT;

